{"val/total_loss":5.377298355102539,"_wandb":{"runtime":271},"train/total_loss":4.795195857683818,"train/label_loss":0.6276689916849136,"final_best_joint_acc":0,"_step":11,"val/topic_loss":4.699437856674194,"val/joint_acc":0,"learning_rate":0,"train/topic_acc":0.11979166666666667,"train/topic_loss":4.167526920636495,"val/label_acc":0.5,"best_joint_acc":0,"train/joint_acc":0.078125,"_runtime":271,"epoch":10,"val/label_loss":0.6778603792190552,"training_completed":true,"val/topic_acc":0,"early_stopping/best_monitor_value":5.377195835113525,"early_stopping/patience_counter":0,"train/label_acc":0.7395833333333334,"_timestamp":1.754077882376804e+09}